"forecast_date","target","target_end_date","location","type","quantile","value","location_level"
"2026-05-22","1 wk ahead inc flu hosp","2026-05-23","CA","quantile","0.01"," 85.99","state"
"2026-05-22","1 wk ahead inc flu hosp","2026-05-23","CA","quantile","0.025"," 90.00","state"
"2026-05-22","1 wk ahead inc flu hosp","2026-05-23","CA","quantile","0.05"," 97.00","state"
"2026-05-22","1 wk ahead inc flu hosp","2026-05-23","CA","quantile","0.1","105.00","state"
"2026-05-22","1 wk ahead inc flu hosp","2026-05-23","CA","quantile","0.15","111.00","state"
"2026-05-22","1 wk ahead inc flu hosp","2026-05-23","CA","quantile","0.2","115.00","state"
"2026-05-22","1 wk ahead inc flu hosp","2026-05-23","CA","quantile","0.25","119.00","state"
"2026-05-22","1 wk ahead inc flu hosp","2026-05-23","CA","quantile","0.3","124.00","state"
"2026-05-22","1 wk ahead inc flu hosp","2026-05-23","CA","quantile","0.35","128.00","state"
"2026-05-22","1 wk ahead inc flu hosp","2026-05-23","CA","quantile","0.4","131.00","state"
"2026-05-22","1 wk ahead inc flu hosp","2026-05-23","CA","quantile","0.45","135.00","state"
"2026-05-22","1 wk ahead inc flu hosp","2026-05-23","CA","quantile","0.5","139.00","state"
"2026-05-22","1 wk ahead inc flu hosp","2026-05-23","CA","quantile","0.55","143.00","state"
"2026-05-22","1 wk ahead inc flu hosp","2026-05-23","CA","quantile","0.6","147.00","state"
"2026-05-22","1 wk ahead inc flu hosp","2026-05-23","CA","quantile","0.65","152.00","state"
"2026-05-22","1 wk ahead inc flu hosp","2026-05-23","CA","quantile","0.7","157.00","state"
"2026-05-22","1 wk ahead inc flu hosp","2026-05-23","CA","quantile","0.75","162.00","state"
"2026-05-22","1 wk ahead inc flu hosp","2026-05-23","CA","quantile","0.8","169.00","state"
"2026-05-22","1 wk ahead inc flu hosp","2026-05-23","CA","quantile","0.85","177.00","state"
"2026-05-22","1 wk ahead inc flu hosp","2026-05-23","CA","quantile","0.9","189.00","state"
"2026-05-22","1 wk ahead inc flu hosp","2026-05-23","CA","quantile","0.95","212.05","state"
"2026-05-22","1 wk ahead inc flu hosp","2026-05-23","CA","quantile","0.975","237.00","state"
"2026-05-22","1 wk ahead inc flu hosp","2026-05-23","CA","quantile","0.99","272.01","state"
"2026-05-22","1 wk ahead inc flu hosp","2026-05-23","CA","point",NA,"139.00","state"
"2026-05-22","2 wk ahead inc flu hosp","2026-05-30","CA","quantile","0.01"," 75.99","state"
"2026-05-22","2 wk ahead inc flu hosp","2026-05-30","CA","quantile","0.025"," 81.00","state"
"2026-05-22","2 wk ahead inc flu hosp","2026-05-30","CA","quantile","0.05"," 87.00","state"
"2026-05-22","2 wk ahead inc flu hosp","2026-05-30","CA","quantile","0.1"," 94.00","state"
"2026-05-22","2 wk ahead inc flu hosp","2026-05-30","CA","quantile","0.15"," 99.00","state"
"2026-05-22","2 wk ahead inc flu hosp","2026-05-30","CA","quantile","0.2","104.00","state"
"2026-05-22","2 wk ahead inc flu hosp","2026-05-30","CA","quantile","0.25","109.00","state"
"2026-05-22","2 wk ahead inc flu hosp","2026-05-30","CA","quantile","0.3","112.00","state"
"2026-05-22","2 wk ahead inc flu hosp","2026-05-30","CA","quantile","0.35","116.00","state"
"2026-05-22","2 wk ahead inc flu hosp","2026-05-30","CA","quantile","0.4","120.00","state"
"2026-05-22","2 wk ahead inc flu hosp","2026-05-30","CA","quantile","0.45","123.00","state"
"2026-05-22","2 wk ahead inc flu hosp","2026-05-30","CA","quantile","0.5","127.00","state"
"2026-05-22","2 wk ahead inc flu hosp","2026-05-30","CA","quantile","0.55","131.00","state"
"2026-05-22","2 wk ahead inc flu hosp","2026-05-30","CA","quantile","0.6","136.00","state"
"2026-05-22","2 wk ahead inc flu hosp","2026-05-30","CA","quantile","0.65","141.00","state"
"2026-05-22","2 wk ahead inc flu hosp","2026-05-30","CA","quantile","0.7","145.00","state"
"2026-05-22","2 wk ahead inc flu hosp","2026-05-30","CA","quantile","0.75","151.00","state"
"2026-05-22","2 wk ahead inc flu hosp","2026-05-30","CA","quantile","0.8","157.20","state"
"2026-05-22","2 wk ahead inc flu hosp","2026-05-30","CA","quantile","0.85","165.00","state"
"2026-05-22","2 wk ahead inc flu hosp","2026-05-30","CA","quantile","0.9","176.00","state"
"2026-05-22","2 wk ahead inc flu hosp","2026-05-30","CA","quantile","0.95","197.00","state"
"2026-05-22","2 wk ahead inc flu hosp","2026-05-30","CA","quantile","0.975","213.02","state"
"2026-05-22","2 wk ahead inc flu hosp","2026-05-30","CA","quantile","0.99","246.03","state"
"2026-05-22","2 wk ahead inc flu hosp","2026-05-30","CA","point",NA,"127.00","state"
"2026-05-22","3 wk ahead inc flu hosp","2026-06-06","CA","quantile","0.01"," 65.00","state"
"2026-05-22","3 wk ahead inc flu hosp","2026-06-06","CA","quantile","0.025"," 70.00","state"
"2026-05-22","3 wk ahead inc flu hosp","2026-06-06","CA","quantile","0.05"," 76.00","state"
"2026-05-22","3 wk ahead inc flu hosp","2026-06-06","CA","quantile","0.1"," 83.00","state"
"2026-05-22","3 wk ahead inc flu hosp","2026-06-06","CA","quantile","0.15"," 89.00","state"
"2026-05-22","3 wk ahead inc flu hosp","2026-06-06","CA","quantile","0.2"," 93.00","state"
"2026-05-22","3 wk ahead inc flu hosp","2026-06-06","CA","quantile","0.25"," 98.00","state"
"2026-05-22","3 wk ahead inc flu hosp","2026-06-06","CA","quantile","0.3","102.00","state"
"2026-05-22","3 wk ahead inc flu hosp","2026-06-06","CA","quantile","0.35","106.00","state"
"2026-05-22","3 wk ahead inc flu hosp","2026-06-06","CA","quantile","0.4","109.00","state"
"2026-05-22","3 wk ahead inc flu hosp","2026-06-06","CA","quantile","0.45","113.00","state"
"2026-05-22","3 wk ahead inc flu hosp","2026-06-06","CA","quantile","0.5","116.00","state"
"2026-05-22","3 wk ahead inc flu hosp","2026-06-06","CA","quantile","0.55","120.00","state"
"2026-05-22","3 wk ahead inc flu hosp","2026-06-06","CA","quantile","0.6","124.00","state"
"2026-05-22","3 wk ahead inc flu hosp","2026-06-06","CA","quantile","0.65","129.00","state"
"2026-05-22","3 wk ahead inc flu hosp","2026-06-06","CA","quantile","0.7","134.00","state"
"2026-05-22","3 wk ahead inc flu hosp","2026-06-06","CA","quantile","0.75","140.00","state"
"2026-05-22","3 wk ahead inc flu hosp","2026-06-06","CA","quantile","0.8","145.00","state"
"2026-05-22","3 wk ahead inc flu hosp","2026-06-06","CA","quantile","0.85","155.00","state"
"2026-05-22","3 wk ahead inc flu hosp","2026-06-06","CA","quantile","0.9","165.00","state"
"2026-05-22","3 wk ahead inc flu hosp","2026-06-06","CA","quantile","0.95","186.00","state"
"2026-05-22","3 wk ahead inc flu hosp","2026-06-06","CA","quantile","0.975","211.02","state"
"2026-05-22","3 wk ahead inc flu hosp","2026-06-06","CA","quantile","0.99","246.02","state"
"2026-05-22","3 wk ahead inc flu hosp","2026-06-06","CA","point",NA,"116.00","state"
"2026-05-22","4 wk ahead inc flu hosp","2026-06-13","CA","quantile","0.01"," 56.99","state"
"2026-05-22","4 wk ahead inc flu hosp","2026-06-13","CA","quantile","0.025"," 61.00","state"
"2026-05-22","4 wk ahead inc flu hosp","2026-06-13","CA","quantile","0.05"," 66.00","state"
"2026-05-22","4 wk ahead inc flu hosp","2026-06-13","CA","quantile","0.1"," 72.00","state"
"2026-05-22","4 wk ahead inc flu hosp","2026-06-13","CA","quantile","0.15"," 78.00","state"
"2026-05-22","4 wk ahead inc flu hosp","2026-06-13","CA","quantile","0.2"," 83.00","state"
"2026-05-22","4 wk ahead inc flu hosp","2026-06-13","CA","quantile","0.25"," 87.00","state"
"2026-05-22","4 wk ahead inc flu hosp","2026-06-13","CA","quantile","0.3"," 91.00","state"
"2026-05-22","4 wk ahead inc flu hosp","2026-06-13","CA","quantile","0.35"," 95.00","state"
"2026-05-22","4 wk ahead inc flu hosp","2026-06-13","CA","quantile","0.4"," 99.00","state"
"2026-05-22","4 wk ahead inc flu hosp","2026-06-13","CA","quantile","0.45","103.00","state"
"2026-05-22","4 wk ahead inc flu hosp","2026-06-13","CA","quantile","0.5","107.00","state"
"2026-05-22","4 wk ahead inc flu hosp","2026-06-13","CA","quantile","0.55","110.00","state"
"2026-05-22","4 wk ahead inc flu hosp","2026-06-13","CA","quantile","0.6","114.00","state"
"2026-05-22","4 wk ahead inc flu hosp","2026-06-13","CA","quantile","0.65","117.35","state"
"2026-05-22","4 wk ahead inc flu hosp","2026-06-13","CA","quantile","0.7","123.00","state"
"2026-05-22","4 wk ahead inc flu hosp","2026-06-13","CA","quantile","0.75","128.00","state"
"2026-05-22","4 wk ahead inc flu hosp","2026-06-13","CA","quantile","0.8","135.00","state"
"2026-05-22","4 wk ahead inc flu hosp","2026-06-13","CA","quantile","0.85","143.00","state"
"2026-05-22","4 wk ahead inc flu hosp","2026-06-13","CA","quantile","0.9","155.10","state"
"2026-05-22","4 wk ahead inc flu hosp","2026-06-13","CA","quantile","0.95","182.00","state"
"2026-05-22","4 wk ahead inc flu hosp","2026-06-13","CA","quantile","0.975","209.02","state"
"2026-05-22","4 wk ahead inc flu hosp","2026-06-13","CA","quantile","0.99","254.00","state"
"2026-05-22","4 wk ahead inc flu hosp","2026-06-13","CA","point",NA,"107.00","state"
"2026-05-22","1 wk ahead inc flu hosp","2026-05-23","Bay Area","quantile","0.01","15.39","region_public_health"
"2026-05-22","1 wk ahead inc flu hosp","2026-05-23","Bay Area","quantile","0.025","15.40","region_public_health"
"2026-05-22","1 wk ahead inc flu hosp","2026-05-23","Bay Area","quantile","0.05","17.40","region_public_health"
"2026-05-22","1 wk ahead inc flu hosp","2026-05-23","Bay Area","quantile","0.1","18.40","region_public_health"
"2026-05-22","1 wk ahead inc flu hosp","2026-05-23","Bay Area","quantile","0.15","19.40","region_public_health"
"2026-05-22","1 wk ahead inc flu hosp","2026-05-23","Bay Area","quantile","0.2","20.40","region_public_health"
"2026-05-22","1 wk ahead inc flu hosp","2026-05-23","Bay Area","quantile","0.25","21.40","region_public_health"
"2026-05-22","1 wk ahead inc flu hosp","2026-05-23","Bay Area","quantile","0.3","22.40","region_public_health"
"2026-05-22","1 wk ahead inc flu hosp","2026-05-23","Bay Area","quantile","0.35","23.40","region_public_health"
"2026-05-22","1 wk ahead inc flu hosp","2026-05-23","Bay Area","quantile","0.4","25.40","region_public_health"
"2026-05-22","1 wk ahead inc flu hosp","2026-05-23","Bay Area","quantile","0.45","26.40","region_public_health"
"2026-05-22","1 wk ahead inc flu hosp","2026-05-23","Bay Area","quantile","0.5","27.40","region_public_health"
"2026-05-22","1 wk ahead inc flu hosp","2026-05-23","Bay Area","quantile","0.55","28.40","region_public_health"
"2026-05-22","1 wk ahead inc flu hosp","2026-05-23","Bay Area","quantile","0.6","29.40","region_public_health"
"2026-05-22","1 wk ahead inc flu hosp","2026-05-23","Bay Area","quantile","0.65","31.40","region_public_health"
"2026-05-22","1 wk ahead inc flu hosp","2026-05-23","Bay Area","quantile","0.7","32.40","region_public_health"
"2026-05-22","1 wk ahead inc flu hosp","2026-05-23","Bay Area","quantile","0.75","34.40","region_public_health"
"2026-05-22","1 wk ahead inc flu hosp","2026-05-23","Bay Area","quantile","0.8","36.40","region_public_health"
"2026-05-22","1 wk ahead inc flu hosp","2026-05-23","Bay Area","quantile","0.85","39.40","region_public_health"
"2026-05-22","1 wk ahead inc flu hosp","2026-05-23","Bay Area","quantile","0.9","43.40","region_public_health"
"2026-05-22","1 wk ahead inc flu hosp","2026-05-23","Bay Area","quantile","0.95","51.45","region_public_health"
"2026-05-22","1 wk ahead inc flu hosp","2026-05-23","Bay Area","quantile","0.975","65.40","region_public_health"
"2026-05-22","1 wk ahead inc flu hosp","2026-05-23","Bay Area","quantile","0.99","82.42","region_public_health"
"2026-05-22","1 wk ahead inc flu hosp","2026-05-23","Bay Area","point",NA,"27.40","region_public_health"
"2026-05-22","2 wk ahead inc flu hosp","2026-05-30","Bay Area","quantile","0.01","13.10","region_public_health"
"2026-05-22","2 wk ahead inc flu hosp","2026-05-30","Bay Area","quantile","0.025","14.10","region_public_health"
"2026-05-22","2 wk ahead inc flu hosp","2026-05-30","Bay Area","quantile","0.05","15.10","region_public_health"
"2026-05-22","2 wk ahead inc flu hosp","2026-05-30","Bay Area","quantile","0.1","16.10","region_public_health"
"2026-05-22","2 wk ahead inc flu hosp","2026-05-30","Bay Area","quantile","0.15","18.10","region_public_health"
"2026-05-22","2 wk ahead inc flu hosp","2026-05-30","Bay Area","quantile","0.2","19.10","region_public_health"
"2026-05-22","2 wk ahead inc flu hosp","2026-05-30","Bay Area","quantile","0.25","20.10","region_public_health"
"2026-05-22","2 wk ahead inc flu hosp","2026-05-30","Bay Area","quantile","0.3","21.10","region_public_health"
"2026-05-22","2 wk ahead inc flu hosp","2026-05-30","Bay Area","quantile","0.35","22.10","region_public_health"
"2026-05-22","2 wk ahead inc flu hosp","2026-05-30","Bay Area","quantile","0.4","23.10","region_public_health"
"2026-05-22","2 wk ahead inc flu hosp","2026-05-30","Bay Area","quantile","0.45","24.10","region_public_health"
"2026-05-22","2 wk ahead inc flu hosp","2026-05-30","Bay Area","quantile","0.5","25.10","region_public_health"
"2026-05-22","2 wk ahead inc flu hosp","2026-05-30","Bay Area","quantile","0.55","26.10","region_public_health"
"2026-05-22","2 wk ahead inc flu hosp","2026-05-30","Bay Area","quantile","0.6","27.10","region_public_health"
"2026-05-22","2 wk ahead inc flu hosp","2026-05-30","Bay Area","quantile","0.65","29.10","region_public_health"
"2026-05-22","2 wk ahead inc flu hosp","2026-05-30","Bay Area","quantile","0.7","30.10","region_public_health"
"2026-05-22","2 wk ahead inc flu hosp","2026-05-30","Bay Area","quantile","0.75","32.10","region_public_health"
"2026-05-22","2 wk ahead inc flu hosp","2026-05-30","Bay Area","quantile","0.8","34.10","region_public_health"
"2026-05-22","2 wk ahead inc flu hosp","2026-05-30","Bay Area","quantile","0.85","36.10","region_public_health"
"2026-05-22","2 wk ahead inc flu hosp","2026-05-30","Bay Area","quantile","0.9","39.20","region_public_health"
"2026-05-22","2 wk ahead inc flu hosp","2026-05-30","Bay Area","quantile","0.95","48.15","region_public_health"
"2026-05-22","2 wk ahead inc flu hosp","2026-05-30","Bay Area","quantile","0.975","62.10","region_public_health"
"2026-05-22","2 wk ahead inc flu hosp","2026-05-30","Bay Area","quantile","0.99","77.12","region_public_health"
"2026-05-22","2 wk ahead inc flu hosp","2026-05-30","Bay Area","point",NA,"25.10","region_public_health"
"2026-05-22","3 wk ahead inc flu hosp","2026-06-06","Bay Area","quantile","0.01","10.80","region_public_health"
"2026-05-22","3 wk ahead inc flu hosp","2026-06-06","Bay Area","quantile","0.025","12.80","region_public_health"
"2026-05-22","3 wk ahead inc flu hosp","2026-06-06","Bay Area","quantile","0.05","13.80","region_public_health"
"2026-05-22","3 wk ahead inc flu hosp","2026-06-06","Bay Area","quantile","0.1","14.80","region_public_health"
"2026-05-22","3 wk ahead inc flu hosp","2026-06-06","Bay Area","quantile","0.15","15.80","region_public_health"
"2026-05-22","3 wk ahead inc flu hosp","2026-06-06","Bay Area","quantile","0.2","16.80","region_public_health"
"2026-05-22","3 wk ahead inc flu hosp","2026-06-06","Bay Area","quantile","0.25","17.80","region_public_health"
"2026-05-22","3 wk ahead inc flu hosp","2026-06-06","Bay Area","quantile","0.3","18.80","region_public_health"
"2026-05-22","3 wk ahead inc flu hosp","2026-06-06","Bay Area","quantile","0.35","19.80","region_public_health"
"2026-05-22","3 wk ahead inc flu hosp","2026-06-06","Bay Area","quantile","0.4","20.80","region_public_health"
"2026-05-22","3 wk ahead inc flu hosp","2026-06-06","Bay Area","quantile","0.45","21.80","region_public_health"
"2026-05-22","3 wk ahead inc flu hosp","2026-06-06","Bay Area","quantile","0.5","22.80","region_public_health"
"2026-05-22","3 wk ahead inc flu hosp","2026-06-06","Bay Area","quantile","0.55","24.80","region_public_health"
"2026-05-22","3 wk ahead inc flu hosp","2026-06-06","Bay Area","quantile","0.6","25.80","region_public_health"
"2026-05-22","3 wk ahead inc flu hosp","2026-06-06","Bay Area","quantile","0.65","26.80","region_public_health"
"2026-05-22","3 wk ahead inc flu hosp","2026-06-06","Bay Area","quantile","0.7","27.80","region_public_health"
"2026-05-22","3 wk ahead inc flu hosp","2026-06-06","Bay Area","quantile","0.75","29.80","region_public_health"
"2026-05-22","3 wk ahead inc flu hosp","2026-06-06","Bay Area","quantile","0.8","31.80","region_public_health"
"2026-05-22","3 wk ahead inc flu hosp","2026-06-06","Bay Area","quantile","0.85","34.80","region_public_health"
"2026-05-22","3 wk ahead inc flu hosp","2026-06-06","Bay Area","quantile","0.9","37.80","region_public_health"
"2026-05-22","3 wk ahead inc flu hosp","2026-06-06","Bay Area","quantile","0.95","44.85","region_public_health"
"2026-05-22","3 wk ahead inc flu hosp","2026-06-06","Bay Area","quantile","0.975","56.82","region_public_health"
"2026-05-22","3 wk ahead inc flu hosp","2026-06-06","Bay Area","quantile","0.99","74.81","region_public_health"
"2026-05-22","3 wk ahead inc flu hosp","2026-06-06","Bay Area","point",NA,"22.80","region_public_health"
"2026-05-22","4 wk ahead inc flu hosp","2026-06-13","Bay Area","quantile","0.01"," 9.50","region_public_health"
"2026-05-22","4 wk ahead inc flu hosp","2026-06-13","Bay Area","quantile","0.025","10.50","region_public_health"
"2026-05-22","4 wk ahead inc flu hosp","2026-06-13","Bay Area","quantile","0.05","12.50","region_public_health"
"2026-05-22","4 wk ahead inc flu hosp","2026-06-13","Bay Area","quantile","0.1","13.50","region_public_health"
"2026-05-22","4 wk ahead inc flu hosp","2026-06-13","Bay Area","quantile","0.15","14.50","region_public_health"
"2026-05-22","4 wk ahead inc flu hosp","2026-06-13","Bay Area","quantile","0.2","15.50","region_public_health"
"2026-05-22","4 wk ahead inc flu hosp","2026-06-13","Bay Area","quantile","0.25","16.50","region_public_health"
"2026-05-22","4 wk ahead inc flu hosp","2026-06-13","Bay Area","quantile","0.3","17.50","region_public_health"
"2026-05-22","4 wk ahead inc flu hosp","2026-06-13","Bay Area","quantile","0.35","18.50","region_public_health"
"2026-05-22","4 wk ahead inc flu hosp","2026-06-13","Bay Area","quantile","0.4","19.50","region_public_health"
"2026-05-22","4 wk ahead inc flu hosp","2026-06-13","Bay Area","quantile","0.45","20.50","region_public_health"
"2026-05-22","4 wk ahead inc flu hosp","2026-06-13","Bay Area","quantile","0.5","21.50","region_public_health"
"2026-05-22","4 wk ahead inc flu hosp","2026-06-13","Bay Area","quantile","0.55","22.50","region_public_health"
"2026-05-22","4 wk ahead inc flu hosp","2026-06-13","Bay Area","quantile","0.6","23.50","region_public_health"
"2026-05-22","4 wk ahead inc flu hosp","2026-06-13","Bay Area","quantile","0.65","25.50","region_public_health"
"2026-05-22","4 wk ahead inc flu hosp","2026-06-13","Bay Area","quantile","0.7","26.50","region_public_health"
"2026-05-22","4 wk ahead inc flu hosp","2026-06-13","Bay Area","quantile","0.75","28.50","region_public_health"
"2026-05-22","4 wk ahead inc flu hosp","2026-06-13","Bay Area","quantile","0.8","30.50","region_public_health"
"2026-05-22","4 wk ahead inc flu hosp","2026-06-13","Bay Area","quantile","0.85","32.50","region_public_health"
"2026-05-22","4 wk ahead inc flu hosp","2026-06-13","Bay Area","quantile","0.9","35.60","region_public_health"
"2026-05-22","4 wk ahead inc flu hosp","2026-06-13","Bay Area","quantile","0.95","44.50","region_public_health"
"2026-05-22","4 wk ahead inc flu hosp","2026-06-13","Bay Area","quantile","0.975","56.52","region_public_health"
"2026-05-22","4 wk ahead inc flu hosp","2026-06-13","Bay Area","quantile","0.99","73.51","region_public_health"
"2026-05-22","4 wk ahead inc flu hosp","2026-06-13","Bay Area","point",NA,"21.50","region_public_health"
"2026-05-22","1 wk ahead inc flu hosp","2026-05-23","Southern California","quantile","0.01"," 10.00","region_public_health"
"2026-05-22","1 wk ahead inc flu hosp","2026-05-23","Southern California","quantile","0.025"," 13.00","region_public_health"
"2026-05-22","1 wk ahead inc flu hosp","2026-05-23","Southern California","quantile","0.05"," 16.00","region_public_health"
"2026-05-22","1 wk ahead inc flu hosp","2026-05-23","Southern California","quantile","0.1"," 19.00","region_public_health"
"2026-05-22","1 wk ahead inc flu hosp","2026-05-23","Southern California","quantile","0.15"," 22.00","region_public_health"
"2026-05-22","1 wk ahead inc flu hosp","2026-05-23","Southern California","quantile","0.2"," 24.00","region_public_health"
"2026-05-22","1 wk ahead inc flu hosp","2026-05-23","Southern California","quantile","0.25"," 26.75","region_public_health"
"2026-05-22","1 wk ahead inc flu hosp","2026-05-23","Southern California","quantile","0.3"," 29.00","region_public_health"
"2026-05-22","1 wk ahead inc flu hosp","2026-05-23","Southern California","quantile","0.35"," 32.00","region_public_health"
"2026-05-22","1 wk ahead inc flu hosp","2026-05-23","Southern California","quantile","0.4"," 34.00","region_public_health"
"2026-05-22","1 wk ahead inc flu hosp","2026-05-23","Southern California","quantile","0.45"," 36.55","region_public_health"
"2026-05-22","1 wk ahead inc flu hosp","2026-05-23","Southern California","quantile","0.5"," 38.00","region_public_health"
"2026-05-22","1 wk ahead inc flu hosp","2026-05-23","Southern California","quantile","0.55"," 41.00","region_public_health"
"2026-05-22","1 wk ahead inc flu hosp","2026-05-23","Southern California","quantile","0.6"," 43.00","region_public_health"
"2026-05-22","1 wk ahead inc flu hosp","2026-05-23","Southern California","quantile","0.65"," 46.00","region_public_health"
"2026-05-22","1 wk ahead inc flu hosp","2026-05-23","Southern California","quantile","0.7"," 50.00","region_public_health"
"2026-05-22","1 wk ahead inc flu hosp","2026-05-23","Southern California","quantile","0.75"," 52.25","region_public_health"
"2026-05-22","1 wk ahead inc flu hosp","2026-05-23","Southern California","quantile","0.8"," 56.00","region_public_health"
"2026-05-22","1 wk ahead inc flu hosp","2026-05-23","Southern California","quantile","0.85"," 60.00","region_public_health"
"2026-05-22","1 wk ahead inc flu hosp","2026-05-23","Southern California","quantile","0.9"," 66.00","region_public_health"
"2026-05-22","1 wk ahead inc flu hosp","2026-05-23","Southern California","quantile","0.95"," 75.05","region_public_health"
"2026-05-22","1 wk ahead inc flu hosp","2026-05-23","Southern California","quantile","0.975"," 90.00","region_public_health"
"2026-05-22","1 wk ahead inc flu hosp","2026-05-23","Southern California","quantile","0.99","106.02","region_public_health"
"2026-05-22","1 wk ahead inc flu hosp","2026-05-23","Southern California","point",NA,"38.00","region_public_health"
"2026-05-22","2 wk ahead inc flu hosp","2026-05-30","Southern California","quantile","0.01","  9.00","region_public_health"
"2026-05-22","2 wk ahead inc flu hosp","2026-05-30","Southern California","quantile","0.025"," 12.00","region_public_health"
"2026-05-22","2 wk ahead inc flu hosp","2026-05-30","Southern California","quantile","0.05"," 14.00","region_public_health"
"2026-05-22","2 wk ahead inc flu hosp","2026-05-30","Southern California","quantile","0.1"," 17.00","region_public_health"
"2026-05-22","2 wk ahead inc flu hosp","2026-05-30","Southern California","quantile","0.15"," 20.00","region_public_health"
"2026-05-22","2 wk ahead inc flu hosp","2026-05-30","Southern California","quantile","0.2"," 22.00","region_public_health"
"2026-05-22","2 wk ahead inc flu hosp","2026-05-30","Southern California","quantile","0.25"," 25.00","region_public_health"
"2026-05-22","2 wk ahead inc flu hosp","2026-05-30","Southern California","quantile","0.3"," 27.00","region_public_health"
"2026-05-22","2 wk ahead inc flu hosp","2026-05-30","Southern California","quantile","0.35"," 29.00","region_public_health"
"2026-05-22","2 wk ahead inc flu hosp","2026-05-30","Southern California","quantile","0.4"," 31.00","region_public_health"
"2026-05-22","2 wk ahead inc flu hosp","2026-05-30","Southern California","quantile","0.45"," 33.00","region_public_health"
"2026-05-22","2 wk ahead inc flu hosp","2026-05-30","Southern California","quantile","0.5"," 36.00","region_public_health"
"2026-05-22","2 wk ahead inc flu hosp","2026-05-30","Southern California","quantile","0.55"," 38.00","region_public_health"
"2026-05-22","2 wk ahead inc flu hosp","2026-05-30","Southern California","quantile","0.6"," 41.00","region_public_health"
"2026-05-22","2 wk ahead inc flu hosp","2026-05-30","Southern California","quantile","0.65"," 43.00","region_public_health"
"2026-05-22","2 wk ahead inc flu hosp","2026-05-30","Southern California","quantile","0.7"," 46.00","region_public_health"
"2026-05-22","2 wk ahead inc flu hosp","2026-05-30","Southern California","quantile","0.75"," 49.00","region_public_health"
"2026-05-22","2 wk ahead inc flu hosp","2026-05-30","Southern California","quantile","0.8"," 53.00","region_public_health"
"2026-05-22","2 wk ahead inc flu hosp","2026-05-30","Southern California","quantile","0.85"," 57.00","region_public_health"
"2026-05-22","2 wk ahead inc flu hosp","2026-05-30","Southern California","quantile","0.9"," 62.00","region_public_health"
"2026-05-22","2 wk ahead inc flu hosp","2026-05-30","Southern California","quantile","0.95"," 73.00","region_public_health"
"2026-05-22","2 wk ahead inc flu hosp","2026-05-30","Southern California","quantile","0.975"," 85.00","region_public_health"
"2026-05-22","2 wk ahead inc flu hosp","2026-05-30","Southern California","quantile","0.99","105.03","region_public_health"
"2026-05-22","2 wk ahead inc flu hosp","2026-05-30","Southern California","point",NA,"36.00","region_public_health"
"2026-05-22","3 wk ahead inc flu hosp","2026-06-06","Southern California","quantile","0.01"," 9.00","region_public_health"
"2026-05-22","3 wk ahead inc flu hosp","2026-06-06","Southern California","quantile","0.025","11.00","region_public_health"
"2026-05-22","3 wk ahead inc flu hosp","2026-06-06","Southern California","quantile","0.05","13.00","region_public_health"
"2026-05-22","3 wk ahead inc flu hosp","2026-06-06","Southern California","quantile","0.1","17.00","region_public_health"
"2026-05-22","3 wk ahead inc flu hosp","2026-06-06","Southern California","quantile","0.15","19.00","region_public_health"
"2026-05-22","3 wk ahead inc flu hosp","2026-06-06","Southern California","quantile","0.2","21.00","region_public_health"
"2026-05-22","3 wk ahead inc flu hosp","2026-06-06","Southern California","quantile","0.25","23.00","region_public_health"
"2026-05-22","3 wk ahead inc flu hosp","2026-06-06","Southern California","quantile","0.3","25.00","region_public_health"
"2026-05-22","3 wk ahead inc flu hosp","2026-06-06","Southern California","quantile","0.35","27.00","region_public_health"
"2026-05-22","3 wk ahead inc flu hosp","2026-06-06","Southern California","quantile","0.4","29.00","region_public_health"
"2026-05-22","3 wk ahead inc flu hosp","2026-06-06","Southern California","quantile","0.45","31.00","region_public_health"
"2026-05-22","3 wk ahead inc flu hosp","2026-06-06","Southern California","quantile","0.5","33.00","region_public_health"
"2026-05-22","3 wk ahead inc flu hosp","2026-06-06","Southern California","quantile","0.55","35.00","region_public_health"
"2026-05-22","3 wk ahead inc flu hosp","2026-06-06","Southern California","quantile","0.6","38.00","region_public_health"
"2026-05-22","3 wk ahead inc flu hosp","2026-06-06","Southern California","quantile","0.65","41.00","region_public_health"
"2026-05-22","3 wk ahead inc flu hosp","2026-06-06","Southern California","quantile","0.7","44.00","region_public_health"
"2026-05-22","3 wk ahead inc flu hosp","2026-06-06","Southern California","quantile","0.75","47.00","region_public_health"
"2026-05-22","3 wk ahead inc flu hosp","2026-06-06","Southern California","quantile","0.8","51.00","region_public_health"
"2026-05-22","3 wk ahead inc flu hosp","2026-06-06","Southern California","quantile","0.85","55.00","region_public_health"
"2026-05-22","3 wk ahead inc flu hosp","2026-06-06","Southern California","quantile","0.9","60.00","region_public_health"
"2026-05-22","3 wk ahead inc flu hosp","2026-06-06","Southern California","quantile","0.95","69.00","region_public_health"
"2026-05-22","3 wk ahead inc flu hosp","2026-06-06","Southern California","quantile","0.975","79.02","region_public_health"
"2026-05-22","3 wk ahead inc flu hosp","2026-06-06","Southern California","quantile","0.99","98.02","region_public_health"
"2026-05-22","3 wk ahead inc flu hosp","2026-06-06","Southern California","point",NA,"33.00","region_public_health"
"2026-05-22","4 wk ahead inc flu hosp","2026-06-13","Southern California","quantile","0.01","  8.99","region_public_health"
"2026-05-22","4 wk ahead inc flu hosp","2026-06-13","Southern California","quantile","0.025"," 11.00","region_public_health"
"2026-05-22","4 wk ahead inc flu hosp","2026-06-13","Southern California","quantile","0.05"," 13.00","region_public_health"
"2026-05-22","4 wk ahead inc flu hosp","2026-06-13","Southern California","quantile","0.1"," 15.00","region_public_health"
"2026-05-22","4 wk ahead inc flu hosp","2026-06-13","Southern California","quantile","0.15"," 18.00","region_public_health"
"2026-05-22","4 wk ahead inc flu hosp","2026-06-13","Southern California","quantile","0.2"," 20.00","region_public_health"
"2026-05-22","4 wk ahead inc flu hosp","2026-06-13","Southern California","quantile","0.25"," 22.00","region_public_health"
"2026-05-22","4 wk ahead inc flu hosp","2026-06-13","Southern California","quantile","0.3"," 23.00","region_public_health"
"2026-05-22","4 wk ahead inc flu hosp","2026-06-13","Southern California","quantile","0.35"," 26.00","region_public_health"
"2026-05-22","4 wk ahead inc flu hosp","2026-06-13","Southern California","quantile","0.4"," 27.00","region_public_health"
"2026-05-22","4 wk ahead inc flu hosp","2026-06-13","Southern California","quantile","0.45"," 29.00","region_public_health"
"2026-05-22","4 wk ahead inc flu hosp","2026-06-13","Southern California","quantile","0.5"," 32.00","region_public_health"
"2026-05-22","4 wk ahead inc flu hosp","2026-06-13","Southern California","quantile","0.55"," 34.00","region_public_health"
"2026-05-22","4 wk ahead inc flu hosp","2026-06-13","Southern California","quantile","0.6"," 37.00","region_public_health"
"2026-05-22","4 wk ahead inc flu hosp","2026-06-13","Southern California","quantile","0.65"," 39.00","region_public_health"
"2026-05-22","4 wk ahead inc flu hosp","2026-06-13","Southern California","quantile","0.7"," 42.00","region_public_health"
"2026-05-22","4 wk ahead inc flu hosp","2026-06-13","Southern California","quantile","0.75"," 46.00","region_public_health"
"2026-05-22","4 wk ahead inc flu hosp","2026-06-13","Southern California","quantile","0.8"," 48.00","region_public_health"
"2026-05-22","4 wk ahead inc flu hosp","2026-06-13","Southern California","quantile","0.85"," 52.00","region_public_health"
"2026-05-22","4 wk ahead inc flu hosp","2026-06-13","Southern California","quantile","0.9"," 57.00","region_public_health"
"2026-05-22","4 wk ahead inc flu hosp","2026-06-13","Southern California","quantile","0.95"," 66.00","region_public_health"
"2026-05-22","4 wk ahead inc flu hosp","2026-06-13","Southern California","quantile","0.975"," 77.00","region_public_health"
"2026-05-22","4 wk ahead inc flu hosp","2026-06-13","Southern California","quantile","0.99","102.03","region_public_health"
"2026-05-22","4 wk ahead inc flu hosp","2026-06-13","Southern California","point",NA,"32.00","region_public_health"
"2026-05-22","1 wk ahead inc flu hosp","2026-05-23","Central California","quantile","0.01"," 1.80","region_public_health"
"2026-05-22","1 wk ahead inc flu hosp","2026-05-23","Central California","quantile","0.025"," 2.80","region_public_health"
"2026-05-22","1 wk ahead inc flu hosp","2026-05-23","Central California","quantile","0.05"," 3.80","region_public_health"
"2026-05-22","1 wk ahead inc flu hosp","2026-05-23","Central California","quantile","0.1"," 4.80","region_public_health"
"2026-05-22","1 wk ahead inc flu hosp","2026-05-23","Central California","quantile","0.15"," 4.80","region_public_health"
"2026-05-22","1 wk ahead inc flu hosp","2026-05-23","Central California","quantile","0.2"," 5.80","region_public_health"
"2026-05-22","1 wk ahead inc flu hosp","2026-05-23","Central California","quantile","0.25"," 6.80","region_public_health"
"2026-05-22","1 wk ahead inc flu hosp","2026-05-23","Central California","quantile","0.3"," 6.80","region_public_health"
"2026-05-22","1 wk ahead inc flu hosp","2026-05-23","Central California","quantile","0.35"," 7.80","region_public_health"
"2026-05-22","1 wk ahead inc flu hosp","2026-05-23","Central California","quantile","0.4"," 8.80","region_public_health"
"2026-05-22","1 wk ahead inc flu hosp","2026-05-23","Central California","quantile","0.45"," 8.80","region_public_health"
"2026-05-22","1 wk ahead inc flu hosp","2026-05-23","Central California","quantile","0.5"," 9.80","region_public_health"
"2026-05-22","1 wk ahead inc flu hosp","2026-05-23","Central California","quantile","0.55","10.80","region_public_health"
"2026-05-22","1 wk ahead inc flu hosp","2026-05-23","Central California","quantile","0.6","10.80","region_public_health"
"2026-05-22","1 wk ahead inc flu hosp","2026-05-23","Central California","quantile","0.65","11.80","region_public_health"
"2026-05-22","1 wk ahead inc flu hosp","2026-05-23","Central California","quantile","0.7","12.80","region_public_health"
"2026-05-22","1 wk ahead inc flu hosp","2026-05-23","Central California","quantile","0.75","13.80","region_public_health"
"2026-05-22","1 wk ahead inc flu hosp","2026-05-23","Central California","quantile","0.8","14.80","region_public_health"
"2026-05-22","1 wk ahead inc flu hosp","2026-05-23","Central California","quantile","0.85","15.80","region_public_health"
"2026-05-22","1 wk ahead inc flu hosp","2026-05-23","Central California","quantile","0.9","17.80","region_public_health"
"2026-05-22","1 wk ahead inc flu hosp","2026-05-23","Central California","quantile","0.95","21.80","region_public_health"
"2026-05-22","1 wk ahead inc flu hosp","2026-05-23","Central California","quantile","0.975","25.80","region_public_health"
"2026-05-22","1 wk ahead inc flu hosp","2026-05-23","Central California","quantile","0.99","31.81","region_public_health"
"2026-05-22","1 wk ahead inc flu hosp","2026-05-23","Central California","point",NA,"9.80","region_public_health"
"2026-05-22","2 wk ahead inc flu hosp","2026-05-30","Central California","quantile","0.01"," 1.70","region_public_health"
"2026-05-22","2 wk ahead inc flu hosp","2026-05-30","Central California","quantile","0.025"," 2.70","region_public_health"
"2026-05-22","2 wk ahead inc flu hosp","2026-05-30","Central California","quantile","0.05"," 2.70","region_public_health"
"2026-05-22","2 wk ahead inc flu hosp","2026-05-30","Central California","quantile","0.1"," 3.70","region_public_health"
"2026-05-22","2 wk ahead inc flu hosp","2026-05-30","Central California","quantile","0.15"," 4.70","region_public_health"
"2026-05-22","2 wk ahead inc flu hosp","2026-05-30","Central California","quantile","0.2"," 5.70","region_public_health"
"2026-05-22","2 wk ahead inc flu hosp","2026-05-30","Central California","quantile","0.25"," 5.70","region_public_health"
"2026-05-22","2 wk ahead inc flu hosp","2026-05-30","Central California","quantile","0.3"," 6.70","region_public_health"
"2026-05-22","2 wk ahead inc flu hosp","2026-05-30","Central California","quantile","0.35"," 6.70","region_public_health"
"2026-05-22","2 wk ahead inc flu hosp","2026-05-30","Central California","quantile","0.4"," 7.70","region_public_health"
"2026-05-22","2 wk ahead inc flu hosp","2026-05-30","Central California","quantile","0.45"," 8.70","region_public_health"
"2026-05-22","2 wk ahead inc flu hosp","2026-05-30","Central California","quantile","0.5"," 8.70","region_public_health"
"2026-05-22","2 wk ahead inc flu hosp","2026-05-30","Central California","quantile","0.55"," 9.70","region_public_health"
"2026-05-22","2 wk ahead inc flu hosp","2026-05-30","Central California","quantile","0.6","10.70","region_public_health"
"2026-05-22","2 wk ahead inc flu hosp","2026-05-30","Central California","quantile","0.65","10.70","region_public_health"
"2026-05-22","2 wk ahead inc flu hosp","2026-05-30","Central California","quantile","0.7","11.70","region_public_health"
"2026-05-22","2 wk ahead inc flu hosp","2026-05-30","Central California","quantile","0.75","12.70","region_public_health"
"2026-05-22","2 wk ahead inc flu hosp","2026-05-30","Central California","quantile","0.8","13.70","region_public_health"
"2026-05-22","2 wk ahead inc flu hosp","2026-05-30","Central California","quantile","0.85","14.70","region_public_health"
"2026-05-22","2 wk ahead inc flu hosp","2026-05-30","Central California","quantile","0.9","16.70","region_public_health"
"2026-05-22","2 wk ahead inc flu hosp","2026-05-30","Central California","quantile","0.95","19.70","region_public_health"
"2026-05-22","2 wk ahead inc flu hosp","2026-05-30","Central California","quantile","0.975","24.70","region_public_health"
"2026-05-22","2 wk ahead inc flu hosp","2026-05-30","Central California","quantile","0.99","31.71","region_public_health"
"2026-05-22","2 wk ahead inc flu hosp","2026-05-30","Central California","point",NA,"8.70","region_public_health"
"2026-05-22","3 wk ahead inc flu hosp","2026-06-06","Central California","quantile","0.01"," 1.60","region_public_health"
"2026-05-22","3 wk ahead inc flu hosp","2026-06-06","Central California","quantile","0.025"," 2.60","region_public_health"
"2026-05-22","3 wk ahead inc flu hosp","2026-06-06","Central California","quantile","0.05"," 2.60","region_public_health"
"2026-05-22","3 wk ahead inc flu hosp","2026-06-06","Central California","quantile","0.1"," 3.60","region_public_health"
"2026-05-22","3 wk ahead inc flu hosp","2026-06-06","Central California","quantile","0.15"," 4.60","region_public_health"
"2026-05-22","3 wk ahead inc flu hosp","2026-06-06","Central California","quantile","0.2"," 4.60","region_public_health"
"2026-05-22","3 wk ahead inc flu hosp","2026-06-06","Central California","quantile","0.25"," 5.60","region_public_health"
"2026-05-22","3 wk ahead inc flu hosp","2026-06-06","Central California","quantile","0.3"," 6.60","region_public_health"
"2026-05-22","3 wk ahead inc flu hosp","2026-06-06","Central California","quantile","0.35"," 6.60","region_public_health"
"2026-05-22","3 wk ahead inc flu hosp","2026-06-06","Central California","quantile","0.4"," 7.60","region_public_health"
"2026-05-22","3 wk ahead inc flu hosp","2026-06-06","Central California","quantile","0.45"," 7.60","region_public_health"
"2026-05-22","3 wk ahead inc flu hosp","2026-06-06","Central California","quantile","0.5"," 8.60","region_public_health"
"2026-05-22","3 wk ahead inc flu hosp","2026-06-06","Central California","quantile","0.55"," 8.60","region_public_health"
"2026-05-22","3 wk ahead inc flu hosp","2026-06-06","Central California","quantile","0.6"," 9.60","region_public_health"
"2026-05-22","3 wk ahead inc flu hosp","2026-06-06","Central California","quantile","0.65","10.60","region_public_health"
"2026-05-22","3 wk ahead inc flu hosp","2026-06-06","Central California","quantile","0.7","10.60","region_public_health"
"2026-05-22","3 wk ahead inc flu hosp","2026-06-06","Central California","quantile","0.75","11.60","region_public_health"
"2026-05-22","3 wk ahead inc flu hosp","2026-06-06","Central California","quantile","0.8","12.60","region_public_health"
"2026-05-22","3 wk ahead inc flu hosp","2026-06-06","Central California","quantile","0.85","13.75","region_public_health"
"2026-05-22","3 wk ahead inc flu hosp","2026-06-06","Central California","quantile","0.9","15.60","region_public_health"
"2026-05-22","3 wk ahead inc flu hosp","2026-06-06","Central California","quantile","0.95","19.60","region_public_health"
"2026-05-22","3 wk ahead inc flu hosp","2026-06-06","Central California","quantile","0.975","23.60","region_public_health"
"2026-05-22","3 wk ahead inc flu hosp","2026-06-06","Central California","quantile","0.99","31.62","region_public_health"
"2026-05-22","3 wk ahead inc flu hosp","2026-06-06","Central California","point",NA,"8.60","region_public_health"
"2026-05-22","4 wk ahead inc flu hosp","2026-06-13","Central California","quantile","0.01"," 1.50","region_public_health"
"2026-05-22","4 wk ahead inc flu hosp","2026-06-13","Central California","quantile","0.025"," 2.50","region_public_health"
"2026-05-22","4 wk ahead inc flu hosp","2026-06-13","Central California","quantile","0.05"," 2.50","region_public_health"
"2026-05-22","4 wk ahead inc flu hosp","2026-06-13","Central California","quantile","0.1"," 3.50","region_public_health"
"2026-05-22","4 wk ahead inc flu hosp","2026-06-13","Central California","quantile","0.15"," 4.50","region_public_health"
"2026-05-22","4 wk ahead inc flu hosp","2026-06-13","Central California","quantile","0.2"," 4.50","region_public_health"
"2026-05-22","4 wk ahead inc flu hosp","2026-06-13","Central California","quantile","0.25"," 5.50","region_public_health"
"2026-05-22","4 wk ahead inc flu hosp","2026-06-13","Central California","quantile","0.3"," 5.50","region_public_health"
"2026-05-22","4 wk ahead inc flu hosp","2026-06-13","Central California","quantile","0.35"," 6.50","region_public_health"
"2026-05-22","4 wk ahead inc flu hosp","2026-06-13","Central California","quantile","0.4"," 6.50","region_public_health"
"2026-05-22","4 wk ahead inc flu hosp","2026-06-13","Central California","quantile","0.45"," 7.50","region_public_health"
"2026-05-22","4 wk ahead inc flu hosp","2026-06-13","Central California","quantile","0.5"," 7.50","region_public_health"
"2026-05-22","4 wk ahead inc flu hosp","2026-06-13","Central California","quantile","0.55"," 8.50","region_public_health"
"2026-05-22","4 wk ahead inc flu hosp","2026-06-13","Central California","quantile","0.6"," 8.50","region_public_health"
"2026-05-22","4 wk ahead inc flu hosp","2026-06-13","Central California","quantile","0.65"," 9.50","region_public_health"
"2026-05-22","4 wk ahead inc flu hosp","2026-06-13","Central California","quantile","0.7","10.50","region_public_health"
"2026-05-22","4 wk ahead inc flu hosp","2026-06-13","Central California","quantile","0.75","11.50","region_public_health"
"2026-05-22","4 wk ahead inc flu hosp","2026-06-13","Central California","quantile","0.8","12.50","region_public_health"
"2026-05-22","4 wk ahead inc flu hosp","2026-06-13","Central California","quantile","0.85","13.50","region_public_health"
"2026-05-22","4 wk ahead inc flu hosp","2026-06-13","Central California","quantile","0.9","14.50","region_public_health"
"2026-05-22","4 wk ahead inc flu hosp","2026-06-13","Central California","quantile","0.95","18.50","region_public_health"
"2026-05-22","4 wk ahead inc flu hosp","2026-06-13","Central California","quantile","0.975","22.50","region_public_health"
"2026-05-22","4 wk ahead inc flu hosp","2026-06-13","Central California","quantile","0.99","34.50","region_public_health"
"2026-05-22","4 wk ahead inc flu hosp","2026-06-13","Central California","point",NA,"7.50","region_public_health"
"2026-05-22","1 wk ahead inc flu hosp","2026-05-23","Rural North","quantile","0.01"," 0.00","region_public_health"
"2026-05-22","1 wk ahead inc flu hosp","2026-05-23","Rural North","quantile","0.025"," 0.00","region_public_health"
"2026-05-22","1 wk ahead inc flu hosp","2026-05-23","Rural North","quantile","0.05"," 0.00","region_public_health"
"2026-05-22","1 wk ahead inc flu hosp","2026-05-23","Rural North","quantile","0.1"," 0.00","region_public_health"
"2026-05-22","1 wk ahead inc flu hosp","2026-05-23","Rural North","quantile","0.15"," 0.00","region_public_health"
"2026-05-22","1 wk ahead inc flu hosp","2026-05-23","Rural North","quantile","0.2"," 0.00","region_public_health"
"2026-05-22","1 wk ahead inc flu hosp","2026-05-23","Rural North","quantile","0.25"," 0.00","region_public_health"
"2026-05-22","1 wk ahead inc flu hosp","2026-05-23","Rural North","quantile","0.3"," 0.00","region_public_health"
"2026-05-22","1 wk ahead inc flu hosp","2026-05-23","Rural North","quantile","0.35"," 0.00","region_public_health"
"2026-05-22","1 wk ahead inc flu hosp","2026-05-23","Rural North","quantile","0.4"," 0.00","region_public_health"
"2026-05-22","1 wk ahead inc flu hosp","2026-05-23","Rural North","quantile","0.45"," 1.00","region_public_health"
"2026-05-22","1 wk ahead inc flu hosp","2026-05-23","Rural North","quantile","0.5"," 1.00","region_public_health"
"2026-05-22","1 wk ahead inc flu hosp","2026-05-23","Rural North","quantile","0.55"," 1.00","region_public_health"
"2026-05-22","1 wk ahead inc flu hosp","2026-05-23","Rural North","quantile","0.6"," 2.00","region_public_health"
"2026-05-22","1 wk ahead inc flu hosp","2026-05-23","Rural North","quantile","0.65"," 3.00","region_public_health"
"2026-05-22","1 wk ahead inc flu hosp","2026-05-23","Rural North","quantile","0.7"," 4.00","region_public_health"
"2026-05-22","1 wk ahead inc flu hosp","2026-05-23","Rural North","quantile","0.75"," 5.00","region_public_health"
"2026-05-22","1 wk ahead inc flu hosp","2026-05-23","Rural North","quantile","0.8"," 7.00","region_public_health"
"2026-05-22","1 wk ahead inc flu hosp","2026-05-23","Rural North","quantile","0.85","11.00","region_public_health"
"2026-05-22","1 wk ahead inc flu hosp","2026-05-23","Rural North","quantile","0.9","18.00","region_public_health"
"2026-05-22","1 wk ahead inc flu hosp","2026-05-23","Rural North","quantile","0.95","30.00","region_public_health"
"2026-05-22","1 wk ahead inc flu hosp","2026-05-23","Rural North","quantile","0.975","51.02","region_public_health"
"2026-05-22","1 wk ahead inc flu hosp","2026-05-23","Rural North","quantile","0.99","80.00","region_public_health"
"2026-05-22","1 wk ahead inc flu hosp","2026-05-23","Rural North","point",NA,"1.00","region_public_health"
"2026-05-22","2 wk ahead inc flu hosp","2026-05-30","Rural North","quantile","0.01"," 0.00","region_public_health"
"2026-05-22","2 wk ahead inc flu hosp","2026-05-30","Rural North","quantile","0.025"," 0.00","region_public_health"
"2026-05-22","2 wk ahead inc flu hosp","2026-05-30","Rural North","quantile","0.05"," 0.00","region_public_health"
"2026-05-22","2 wk ahead inc flu hosp","2026-05-30","Rural North","quantile","0.1"," 0.00","region_public_health"
"2026-05-22","2 wk ahead inc flu hosp","2026-05-30","Rural North","quantile","0.15"," 0.00","region_public_health"
"2026-05-22","2 wk ahead inc flu hosp","2026-05-30","Rural North","quantile","0.2"," 0.00","region_public_health"
"2026-05-22","2 wk ahead inc flu hosp","2026-05-30","Rural North","quantile","0.25"," 0.00","region_public_health"
"2026-05-22","2 wk ahead inc flu hosp","2026-05-30","Rural North","quantile","0.3"," 0.00","region_public_health"
"2026-05-22","2 wk ahead inc flu hosp","2026-05-30","Rural North","quantile","0.35"," 0.00","region_public_health"
"2026-05-22","2 wk ahead inc flu hosp","2026-05-30","Rural North","quantile","0.4"," 0.00","region_public_health"
"2026-05-22","2 wk ahead inc flu hosp","2026-05-30","Rural North","quantile","0.45"," 0.00","region_public_health"
"2026-05-22","2 wk ahead inc flu hosp","2026-05-30","Rural North","quantile","0.5"," 1.00","region_public_health"
"2026-05-22","2 wk ahead inc flu hosp","2026-05-30","Rural North","quantile","0.55"," 1.00","region_public_health"
"2026-05-22","2 wk ahead inc flu hosp","2026-05-30","Rural North","quantile","0.6"," 2.00","region_public_health"
"2026-05-22","2 wk ahead inc flu hosp","2026-05-30","Rural North","quantile","0.65"," 2.00","region_public_health"
"2026-05-22","2 wk ahead inc flu hosp","2026-05-30","Rural North","quantile","0.7"," 3.00","region_public_health"
"2026-05-22","2 wk ahead inc flu hosp","2026-05-30","Rural North","quantile","0.75"," 4.00","region_public_health"
"2026-05-22","2 wk ahead inc flu hosp","2026-05-30","Rural North","quantile","0.8"," 7.00","region_public_health"
"2026-05-22","2 wk ahead inc flu hosp","2026-05-30","Rural North","quantile","0.85","11.00","region_public_health"
"2026-05-22","2 wk ahead inc flu hosp","2026-05-30","Rural North","quantile","0.9","18.00","region_public_health"
"2026-05-22","2 wk ahead inc flu hosp","2026-05-30","Rural North","quantile","0.95","31.00","region_public_health"
"2026-05-22","2 wk ahead inc flu hosp","2026-05-30","Rural North","quantile","0.975","54.00","region_public_health"
"2026-05-22","2 wk ahead inc flu hosp","2026-05-30","Rural North","quantile","0.99","87.05","region_public_health"
"2026-05-22","2 wk ahead inc flu hosp","2026-05-30","Rural North","point",NA,"1.00","region_public_health"
"2026-05-22","3 wk ahead inc flu hosp","2026-06-06","Rural North","quantile","0.01"," 0.00","region_public_health"
"2026-05-22","3 wk ahead inc flu hosp","2026-06-06","Rural North","quantile","0.025"," 0.00","region_public_health"
"2026-05-22","3 wk ahead inc flu hosp","2026-06-06","Rural North","quantile","0.05"," 0.00","region_public_health"
"2026-05-22","3 wk ahead inc flu hosp","2026-06-06","Rural North","quantile","0.1"," 0.00","region_public_health"
"2026-05-22","3 wk ahead inc flu hosp","2026-06-06","Rural North","quantile","0.15"," 0.00","region_public_health"
"2026-05-22","3 wk ahead inc flu hosp","2026-06-06","Rural North","quantile","0.2"," 0.00","region_public_health"
"2026-05-22","3 wk ahead inc flu hosp","2026-06-06","Rural North","quantile","0.25"," 0.00","region_public_health"
"2026-05-22","3 wk ahead inc flu hosp","2026-06-06","Rural North","quantile","0.3"," 0.00","region_public_health"
"2026-05-22","3 wk ahead inc flu hosp","2026-06-06","Rural North","quantile","0.35"," 0.00","region_public_health"
"2026-05-22","3 wk ahead inc flu hosp","2026-06-06","Rural North","quantile","0.4"," 0.00","region_public_health"
"2026-05-22","3 wk ahead inc flu hosp","2026-06-06","Rural North","quantile","0.45"," 0.00","region_public_health"
"2026-05-22","3 wk ahead inc flu hosp","2026-06-06","Rural North","quantile","0.5"," 1.00","region_public_health"
"2026-05-22","3 wk ahead inc flu hosp","2026-06-06","Rural North","quantile","0.55"," 1.00","region_public_health"
"2026-05-22","3 wk ahead inc flu hosp","2026-06-06","Rural North","quantile","0.6"," 1.00","region_public_health"
"2026-05-22","3 wk ahead inc flu hosp","2026-06-06","Rural North","quantile","0.65"," 2.00","region_public_health"
"2026-05-22","3 wk ahead inc flu hosp","2026-06-06","Rural North","quantile","0.7"," 3.00","region_public_health"
"2026-05-22","3 wk ahead inc flu hosp","2026-06-06","Rural North","quantile","0.75"," 4.00","region_public_health"
"2026-05-22","3 wk ahead inc flu hosp","2026-06-06","Rural North","quantile","0.8"," 6.00","region_public_health"
"2026-05-22","3 wk ahead inc flu hosp","2026-06-06","Rural North","quantile","0.85","10.00","region_public_health"
"2026-05-22","3 wk ahead inc flu hosp","2026-06-06","Rural North","quantile","0.9","17.00","region_public_health"
"2026-05-22","3 wk ahead inc flu hosp","2026-06-06","Rural North","quantile","0.95","34.00","region_public_health"
"2026-05-22","3 wk ahead inc flu hosp","2026-06-06","Rural North","quantile","0.975","58.00","region_public_health"
"2026-05-22","3 wk ahead inc flu hosp","2026-06-06","Rural North","quantile","0.99","92.01","region_public_health"
"2026-05-22","3 wk ahead inc flu hosp","2026-06-06","Rural North","point",NA,"1.00","region_public_health"
"2026-05-22","4 wk ahead inc flu hosp","2026-06-13","Rural North","quantile","0.01","  0.00","region_public_health"
"2026-05-22","4 wk ahead inc flu hosp","2026-06-13","Rural North","quantile","0.025","  0.00","region_public_health"
"2026-05-22","4 wk ahead inc flu hosp","2026-06-13","Rural North","quantile","0.05","  0.00","region_public_health"
"2026-05-22","4 wk ahead inc flu hosp","2026-06-13","Rural North","quantile","0.1","  0.00","region_public_health"
"2026-05-22","4 wk ahead inc flu hosp","2026-06-13","Rural North","quantile","0.15","  0.00","region_public_health"
"2026-05-22","4 wk ahead inc flu hosp","2026-06-13","Rural North","quantile","0.2","  0.00","region_public_health"
"2026-05-22","4 wk ahead inc flu hosp","2026-06-13","Rural North","quantile","0.25","  0.00","region_public_health"
"2026-05-22","4 wk ahead inc flu hosp","2026-06-13","Rural North","quantile","0.3","  0.00","region_public_health"
"2026-05-22","4 wk ahead inc flu hosp","2026-06-13","Rural North","quantile","0.35","  0.00","region_public_health"
"2026-05-22","4 wk ahead inc flu hosp","2026-06-13","Rural North","quantile","0.4","  0.00","region_public_health"
"2026-05-22","4 wk ahead inc flu hosp","2026-06-13","Rural North","quantile","0.45","  0.00","region_public_health"
"2026-05-22","4 wk ahead inc flu hosp","2026-06-13","Rural North","quantile","0.5","  0.00","region_public_health"
"2026-05-22","4 wk ahead inc flu hosp","2026-06-13","Rural North","quantile","0.55","  1.00","region_public_health"
"2026-05-22","4 wk ahead inc flu hosp","2026-06-13","Rural North","quantile","0.6","  1.00","region_public_health"
"2026-05-22","4 wk ahead inc flu hosp","2026-06-13","Rural North","quantile","0.65","  2.00","region_public_health"
"2026-05-22","4 wk ahead inc flu hosp","2026-06-13","Rural North","quantile","0.7","  3.00","region_public_health"
"2026-05-22","4 wk ahead inc flu hosp","2026-06-13","Rural North","quantile","0.75","  4.00","region_public_health"
"2026-05-22","4 wk ahead inc flu hosp","2026-06-13","Rural North","quantile","0.8","  5.00","region_public_health"
"2026-05-22","4 wk ahead inc flu hosp","2026-06-13","Rural North","quantile","0.85"," 10.00","region_public_health"
"2026-05-22","4 wk ahead inc flu hosp","2026-06-13","Rural North","quantile","0.9"," 16.00","region_public_health"
"2026-05-22","4 wk ahead inc flu hosp","2026-06-13","Rural North","quantile","0.95"," 36.00","region_public_health"
"2026-05-22","4 wk ahead inc flu hosp","2026-06-13","Rural North","quantile","0.975"," 63.00","region_public_health"
"2026-05-22","4 wk ahead inc flu hosp","2026-06-13","Rural North","quantile","0.99","103.01","region_public_health"
"2026-05-22","4 wk ahead inc flu hosp","2026-06-13","Rural North","point",NA,"0.00","region_public_health"
"2026-05-22","1 wk ahead inc flu hosp","2026-05-23","Los Angeles","quantile","0.01"," 26.40","region_public_health"
"2026-05-22","1 wk ahead inc flu hosp","2026-05-23","Los Angeles","quantile","0.025"," 28.40","region_public_health"
"2026-05-22","1 wk ahead inc flu hosp","2026-05-23","Los Angeles","quantile","0.05"," 30.40","region_public_health"
"2026-05-22","1 wk ahead inc flu hosp","2026-05-23","Los Angeles","quantile","0.1"," 32.40","region_public_health"
"2026-05-22","1 wk ahead inc flu hosp","2026-05-23","Los Angeles","quantile","0.15"," 35.40","region_public_health"
"2026-05-22","1 wk ahead inc flu hosp","2026-05-23","Los Angeles","quantile","0.2"," 37.40","region_public_health"
"2026-05-22","1 wk ahead inc flu hosp","2026-05-23","Los Angeles","quantile","0.25"," 39.40","region_public_health"
"2026-05-22","1 wk ahead inc flu hosp","2026-05-23","Los Angeles","quantile","0.3"," 41.40","region_public_health"
"2026-05-22","1 wk ahead inc flu hosp","2026-05-23","Los Angeles","quantile","0.35"," 43.40","region_public_health"
"2026-05-22","1 wk ahead inc flu hosp","2026-05-23","Los Angeles","quantile","0.4"," 45.40","region_public_health"
"2026-05-22","1 wk ahead inc flu hosp","2026-05-23","Los Angeles","quantile","0.45"," 47.40","region_public_health"
"2026-05-22","1 wk ahead inc flu hosp","2026-05-23","Los Angeles","quantile","0.5"," 49.40","region_public_health"
"2026-05-22","1 wk ahead inc flu hosp","2026-05-23","Los Angeles","quantile","0.55"," 50.85","region_public_health"
"2026-05-22","1 wk ahead inc flu hosp","2026-05-23","Los Angeles","quantile","0.6"," 53.40","region_public_health"
"2026-05-22","1 wk ahead inc flu hosp","2026-05-23","Los Angeles","quantile","0.65"," 55.40","region_public_health"
"2026-05-22","1 wk ahead inc flu hosp","2026-05-23","Los Angeles","quantile","0.7"," 57.40","region_public_health"
"2026-05-22","1 wk ahead inc flu hosp","2026-05-23","Los Angeles","quantile","0.75"," 60.40","region_public_health"
"2026-05-22","1 wk ahead inc flu hosp","2026-05-23","Los Angeles","quantile","0.8"," 62.40","region_public_health"
"2026-05-22","1 wk ahead inc flu hosp","2026-05-23","Los Angeles","quantile","0.85"," 66.40","region_public_health"
"2026-05-22","1 wk ahead inc flu hosp","2026-05-23","Los Angeles","quantile","0.9"," 71.40","region_public_health"
"2026-05-22","1 wk ahead inc flu hosp","2026-05-23","Los Angeles","quantile","0.95"," 78.40","region_public_health"
"2026-05-22","1 wk ahead inc flu hosp","2026-05-23","Los Angeles","quantile","0.975"," 89.40","region_public_health"
"2026-05-22","1 wk ahead inc flu hosp","2026-05-23","Los Angeles","quantile","0.99","106.40","region_public_health"
"2026-05-22","1 wk ahead inc flu hosp","2026-05-23","Los Angeles","point",NA,"49.40","region_public_health"
"2026-05-22","2 wk ahead inc flu hosp","2026-05-30","Los Angeles","quantile","0.01","23.60","region_public_health"
"2026-05-22","2 wk ahead inc flu hosp","2026-05-30","Los Angeles","quantile","0.025","24.60","region_public_health"
"2026-05-22","2 wk ahead inc flu hosp","2026-05-30","Los Angeles","quantile","0.05","27.60","region_public_health"
"2026-05-22","2 wk ahead inc flu hosp","2026-05-30","Los Angeles","quantile","0.1","29.60","region_public_health"
"2026-05-22","2 wk ahead inc flu hosp","2026-05-30","Los Angeles","quantile","0.15","31.60","region_public_health"
"2026-05-22","2 wk ahead inc flu hosp","2026-05-30","Los Angeles","quantile","0.2","33.60","region_public_health"
"2026-05-22","2 wk ahead inc flu hosp","2026-05-30","Los Angeles","quantile","0.25","35.60","region_public_health"
"2026-05-22","2 wk ahead inc flu hosp","2026-05-30","Los Angeles","quantile","0.3","36.60","region_public_health"
"2026-05-22","2 wk ahead inc flu hosp","2026-05-30","Los Angeles","quantile","0.35","38.60","region_public_health"
"2026-05-22","2 wk ahead inc flu hosp","2026-05-30","Los Angeles","quantile","0.4","40.60","region_public_health"
"2026-05-22","2 wk ahead inc flu hosp","2026-05-30","Los Angeles","quantile","0.45","42.60","region_public_health"
"2026-05-22","2 wk ahead inc flu hosp","2026-05-30","Los Angeles","quantile","0.5","44.60","region_public_health"
"2026-05-22","2 wk ahead inc flu hosp","2026-05-30","Los Angeles","quantile","0.55","46.60","region_public_health"
"2026-05-22","2 wk ahead inc flu hosp","2026-05-30","Los Angeles","quantile","0.6","47.60","region_public_health"
"2026-05-22","2 wk ahead inc flu hosp","2026-05-30","Los Angeles","quantile","0.65","49.60","region_public_health"
"2026-05-22","2 wk ahead inc flu hosp","2026-05-30","Los Angeles","quantile","0.7","52.60","region_public_health"
"2026-05-22","2 wk ahead inc flu hosp","2026-05-30","Los Angeles","quantile","0.75","55.60","region_public_health"
"2026-05-22","2 wk ahead inc flu hosp","2026-05-30","Los Angeles","quantile","0.8","57.60","region_public_health"
"2026-05-22","2 wk ahead inc flu hosp","2026-05-30","Los Angeles","quantile","0.85","61.60","region_public_health"
"2026-05-22","2 wk ahead inc flu hosp","2026-05-30","Los Angeles","quantile","0.9","66.60","region_public_health"
"2026-05-22","2 wk ahead inc flu hosp","2026-05-30","Los Angeles","quantile","0.95","74.65","region_public_health"
"2026-05-22","2 wk ahead inc flu hosp","2026-05-30","Los Angeles","quantile","0.975","85.62","region_public_health"
"2026-05-22","2 wk ahead inc flu hosp","2026-05-30","Los Angeles","quantile","0.99","97.63","region_public_health"
"2026-05-22","2 wk ahead inc flu hosp","2026-05-30","Los Angeles","point",NA,"44.60","region_public_health"
"2026-05-22","3 wk ahead inc flu hosp","2026-06-06","Los Angeles","quantile","0.01","20.80","region_public_health"
"2026-05-22","3 wk ahead inc flu hosp","2026-06-06","Los Angeles","quantile","0.025","21.80","region_public_health"
"2026-05-22","3 wk ahead inc flu hosp","2026-06-06","Los Angeles","quantile","0.05","24.80","region_public_health"
"2026-05-22","3 wk ahead inc flu hosp","2026-06-06","Los Angeles","quantile","0.1","25.80","region_public_health"
"2026-05-22","3 wk ahead inc flu hosp","2026-06-06","Los Angeles","quantile","0.15","28.80","region_public_health"
"2026-05-22","3 wk ahead inc flu hosp","2026-06-06","Los Angeles","quantile","0.2","29.80","region_public_health"
"2026-05-22","3 wk ahead inc flu hosp","2026-06-06","Los Angeles","quantile","0.25","31.80","region_public_health"
"2026-05-22","3 wk ahead inc flu hosp","2026-06-06","Los Angeles","quantile","0.3","33.80","region_public_health"
"2026-05-22","3 wk ahead inc flu hosp","2026-06-06","Los Angeles","quantile","0.35","35.80","region_public_health"
"2026-05-22","3 wk ahead inc flu hosp","2026-06-06","Los Angeles","quantile","0.4","37.80","region_public_health"
"2026-05-22","3 wk ahead inc flu hosp","2026-06-06","Los Angeles","quantile","0.45","38.80","region_public_health"
"2026-05-22","3 wk ahead inc flu hosp","2026-06-06","Los Angeles","quantile","0.5","40.80","region_public_health"
"2026-05-22","3 wk ahead inc flu hosp","2026-06-06","Los Angeles","quantile","0.55","41.80","region_public_health"
"2026-05-22","3 wk ahead inc flu hosp","2026-06-06","Los Angeles","quantile","0.6","43.80","region_public_health"
"2026-05-22","3 wk ahead inc flu hosp","2026-06-06","Los Angeles","quantile","0.65","45.80","region_public_health"
"2026-05-22","3 wk ahead inc flu hosp","2026-06-06","Los Angeles","quantile","0.7","48.80","region_public_health"
"2026-05-22","3 wk ahead inc flu hosp","2026-06-06","Los Angeles","quantile","0.75","50.80","region_public_health"
"2026-05-22","3 wk ahead inc flu hosp","2026-06-06","Los Angeles","quantile","0.8","53.80","region_public_health"
"2026-05-22","3 wk ahead inc flu hosp","2026-06-06","Los Angeles","quantile","0.85","57.80","region_public_health"
"2026-05-22","3 wk ahead inc flu hosp","2026-06-06","Los Angeles","quantile","0.9","61.80","region_public_health"
"2026-05-22","3 wk ahead inc flu hosp","2026-06-06","Los Angeles","quantile","0.95","71.85","region_public_health"
"2026-05-22","3 wk ahead inc flu hosp","2026-06-06","Los Angeles","quantile","0.975","87.80","region_public_health"
"2026-05-22","3 wk ahead inc flu hosp","2026-06-06","Los Angeles","quantile","0.99","99.81","region_public_health"
"2026-05-22","3 wk ahead inc flu hosp","2026-06-06","Los Angeles","point",NA,"40.80","region_public_health"
"2026-05-22","4 wk ahead inc flu hosp","2026-06-13","Los Angeles","quantile","0.01"," 18.00","region_public_health"
"2026-05-22","4 wk ahead inc flu hosp","2026-06-13","Los Angeles","quantile","0.025"," 20.00","region_public_health"
"2026-05-22","4 wk ahead inc flu hosp","2026-06-13","Los Angeles","quantile","0.05"," 22.00","region_public_health"
"2026-05-22","4 wk ahead inc flu hosp","2026-06-13","Los Angeles","quantile","0.1"," 24.00","region_public_health"
"2026-05-22","4 wk ahead inc flu hosp","2026-06-13","Los Angeles","quantile","0.15"," 26.00","region_public_health"
"2026-05-22","4 wk ahead inc flu hosp","2026-06-13","Los Angeles","quantile","0.2"," 27.00","region_public_health"
"2026-05-22","4 wk ahead inc flu hosp","2026-06-13","Los Angeles","quantile","0.25"," 29.00","region_public_health"
"2026-05-22","4 wk ahead inc flu hosp","2026-06-13","Los Angeles","quantile","0.3"," 31.00","region_public_health"
"2026-05-22","4 wk ahead inc flu hosp","2026-06-13","Los Angeles","quantile","0.35"," 32.00","region_public_health"
"2026-05-22","4 wk ahead inc flu hosp","2026-06-13","Los Angeles","quantile","0.4"," 34.00","region_public_health"
"2026-05-22","4 wk ahead inc flu hosp","2026-06-13","Los Angeles","quantile","0.45"," 36.00","region_public_health"
"2026-05-22","4 wk ahead inc flu hosp","2026-06-13","Los Angeles","quantile","0.5"," 37.00","region_public_health"
"2026-05-22","4 wk ahead inc flu hosp","2026-06-13","Los Angeles","quantile","0.55"," 39.00","region_public_health"
"2026-05-22","4 wk ahead inc flu hosp","2026-06-13","Los Angeles","quantile","0.6"," 41.00","region_public_health"
"2026-05-22","4 wk ahead inc flu hosp","2026-06-13","Los Angeles","quantile","0.65"," 43.00","region_public_health"
"2026-05-22","4 wk ahead inc flu hosp","2026-06-13","Los Angeles","quantile","0.7"," 45.00","region_public_health"
"2026-05-22","4 wk ahead inc flu hosp","2026-06-13","Los Angeles","quantile","0.75"," 48.00","region_public_health"
"2026-05-22","4 wk ahead inc flu hosp","2026-06-13","Los Angeles","quantile","0.8"," 50.00","region_public_health"
"2026-05-22","4 wk ahead inc flu hosp","2026-06-13","Los Angeles","quantile","0.85"," 53.00","region_public_health"
"2026-05-22","4 wk ahead inc flu hosp","2026-06-13","Los Angeles","quantile","0.9"," 58.00","region_public_health"
"2026-05-22","4 wk ahead inc flu hosp","2026-06-13","Los Angeles","quantile","0.95"," 68.00","region_public_health"
"2026-05-22","4 wk ahead inc flu hosp","2026-06-13","Los Angeles","quantile","0.975"," 84.02","region_public_health"
"2026-05-22","4 wk ahead inc flu hosp","2026-06-13","Los Angeles","quantile","0.99","103.00","region_public_health"
"2026-05-22","4 wk ahead inc flu hosp","2026-06-13","Los Angeles","point",NA,"37.00","region_public_health"
"2026-05-22","1 wk ahead inc flu hosp","2026-05-23","Greater Sierra-Sacramento","quantile","0.01"," 6.40","region_public_health"
"2026-05-22","1 wk ahead inc flu hosp","2026-05-23","Greater Sierra-Sacramento","quantile","0.025"," 7.40","region_public_health"
"2026-05-22","1 wk ahead inc flu hosp","2026-05-23","Greater Sierra-Sacramento","quantile","0.05"," 7.40","region_public_health"
"2026-05-22","1 wk ahead inc flu hosp","2026-05-23","Greater Sierra-Sacramento","quantile","0.1"," 8.40","region_public_health"
"2026-05-22","1 wk ahead inc flu hosp","2026-05-23","Greater Sierra-Sacramento","quantile","0.15"," 9.40","region_public_health"
"2026-05-22","1 wk ahead inc flu hosp","2026-05-23","Greater Sierra-Sacramento","quantile","0.2"," 9.40","region_public_health"
"2026-05-22","1 wk ahead inc flu hosp","2026-05-23","Greater Sierra-Sacramento","quantile","0.25","10.40","region_public_health"
"2026-05-22","1 wk ahead inc flu hosp","2026-05-23","Greater Sierra-Sacramento","quantile","0.3","10.40","region_public_health"
"2026-05-22","1 wk ahead inc flu hosp","2026-05-23","Greater Sierra-Sacramento","quantile","0.35","11.40","region_public_health"
"2026-05-22","1 wk ahead inc flu hosp","2026-05-23","Greater Sierra-Sacramento","quantile","0.4","12.40","region_public_health"
"2026-05-22","1 wk ahead inc flu hosp","2026-05-23","Greater Sierra-Sacramento","quantile","0.45","12.40","region_public_health"
"2026-05-22","1 wk ahead inc flu hosp","2026-05-23","Greater Sierra-Sacramento","quantile","0.5","13.40","region_public_health"
"2026-05-22","1 wk ahead inc flu hosp","2026-05-23","Greater Sierra-Sacramento","quantile","0.55","14.40","region_public_health"
"2026-05-22","1 wk ahead inc flu hosp","2026-05-23","Greater Sierra-Sacramento","quantile","0.6","15.40","region_public_health"
"2026-05-22","1 wk ahead inc flu hosp","2026-05-23","Greater Sierra-Sacramento","quantile","0.65","16.40","region_public_health"
"2026-05-22","1 wk ahead inc flu hosp","2026-05-23","Greater Sierra-Sacramento","quantile","0.7","17.40","region_public_health"
"2026-05-22","1 wk ahead inc flu hosp","2026-05-23","Greater Sierra-Sacramento","quantile","0.75","19.40","region_public_health"
"2026-05-22","1 wk ahead inc flu hosp","2026-05-23","Greater Sierra-Sacramento","quantile","0.8","21.40","region_public_health"
"2026-05-22","1 wk ahead inc flu hosp","2026-05-23","Greater Sierra-Sacramento","quantile","0.85","23.40","region_public_health"
"2026-05-22","1 wk ahead inc flu hosp","2026-05-23","Greater Sierra-Sacramento","quantile","0.9","27.40","region_public_health"
"2026-05-22","1 wk ahead inc flu hosp","2026-05-23","Greater Sierra-Sacramento","quantile","0.95","34.40","region_public_health"
"2026-05-22","1 wk ahead inc flu hosp","2026-05-23","Greater Sierra-Sacramento","quantile","0.975","41.40","region_public_health"
"2026-05-22","1 wk ahead inc flu hosp","2026-05-23","Greater Sierra-Sacramento","quantile","0.99","56.40","region_public_health"
"2026-05-22","1 wk ahead inc flu hosp","2026-05-23","Greater Sierra-Sacramento","point",NA,"13.40","region_public_health"
"2026-05-22","2 wk ahead inc flu hosp","2026-05-30","Greater Sierra-Sacramento","quantile","0.01"," 5.60","region_public_health"
"2026-05-22","2 wk ahead inc flu hosp","2026-05-30","Greater Sierra-Sacramento","quantile","0.025"," 5.60","region_public_health"
"2026-05-22","2 wk ahead inc flu hosp","2026-05-30","Greater Sierra-Sacramento","quantile","0.05"," 6.60","region_public_health"
"2026-05-22","2 wk ahead inc flu hosp","2026-05-30","Greater Sierra-Sacramento","quantile","0.1"," 7.60","region_public_health"
"2026-05-22","2 wk ahead inc flu hosp","2026-05-30","Greater Sierra-Sacramento","quantile","0.15"," 7.60","region_public_health"
"2026-05-22","2 wk ahead inc flu hosp","2026-05-30","Greater Sierra-Sacramento","quantile","0.2"," 8.60","region_public_health"
"2026-05-22","2 wk ahead inc flu hosp","2026-05-30","Greater Sierra-Sacramento","quantile","0.25"," 8.60","region_public_health"
"2026-05-22","2 wk ahead inc flu hosp","2026-05-30","Greater Sierra-Sacramento","quantile","0.3"," 9.60","region_public_health"
"2026-05-22","2 wk ahead inc flu hosp","2026-05-30","Greater Sierra-Sacramento","quantile","0.35"," 9.60","region_public_health"
"2026-05-22","2 wk ahead inc flu hosp","2026-05-30","Greater Sierra-Sacramento","quantile","0.4","10.60","region_public_health"
"2026-05-22","2 wk ahead inc flu hosp","2026-05-30","Greater Sierra-Sacramento","quantile","0.45","11.60","region_public_health"
"2026-05-22","2 wk ahead inc flu hosp","2026-05-30","Greater Sierra-Sacramento","quantile","0.5","11.60","region_public_health"
"2026-05-22","2 wk ahead inc flu hosp","2026-05-30","Greater Sierra-Sacramento","quantile","0.55","12.60","region_public_health"
"2026-05-22","2 wk ahead inc flu hosp","2026-05-30","Greater Sierra-Sacramento","quantile","0.6","13.60","region_public_health"
"2026-05-22","2 wk ahead inc flu hosp","2026-05-30","Greater Sierra-Sacramento","quantile","0.65","14.60","region_public_health"
"2026-05-22","2 wk ahead inc flu hosp","2026-05-30","Greater Sierra-Sacramento","quantile","0.7","15.60","region_public_health"
"2026-05-22","2 wk ahead inc flu hosp","2026-05-30","Greater Sierra-Sacramento","quantile","0.75","16.60","region_public_health"
"2026-05-22","2 wk ahead inc flu hosp","2026-05-30","Greater Sierra-Sacramento","quantile","0.8","18.60","region_public_health"
"2026-05-22","2 wk ahead inc flu hosp","2026-05-30","Greater Sierra-Sacramento","quantile","0.85","20.60","region_public_health"
"2026-05-22","2 wk ahead inc flu hosp","2026-05-30","Greater Sierra-Sacramento","quantile","0.9","24.60","region_public_health"
"2026-05-22","2 wk ahead inc flu hosp","2026-05-30","Greater Sierra-Sacramento","quantile","0.95","31.60","region_public_health"
"2026-05-22","2 wk ahead inc flu hosp","2026-05-30","Greater Sierra-Sacramento","quantile","0.975","41.60","region_public_health"
"2026-05-22","2 wk ahead inc flu hosp","2026-05-30","Greater Sierra-Sacramento","quantile","0.99","56.62","region_public_health"
"2026-05-22","2 wk ahead inc flu hosp","2026-05-30","Greater Sierra-Sacramento","point",NA,"11.60","region_public_health"
"2026-05-22","3 wk ahead inc flu hosp","2026-06-06","Greater Sierra-Sacramento","quantile","0.01"," 4.80","region_public_health"
"2026-05-22","3 wk ahead inc flu hosp","2026-06-06","Greater Sierra-Sacramento","quantile","0.025"," 4.80","region_public_health"
"2026-05-22","3 wk ahead inc flu hosp","2026-06-06","Greater Sierra-Sacramento","quantile","0.05"," 5.80","region_public_health"
"2026-05-22","3 wk ahead inc flu hosp","2026-06-06","Greater Sierra-Sacramento","quantile","0.1"," 5.80","region_public_health"
"2026-05-22","3 wk ahead inc flu hosp","2026-06-06","Greater Sierra-Sacramento","quantile","0.15"," 6.80","region_public_health"
"2026-05-22","3 wk ahead inc flu hosp","2026-06-06","Greater Sierra-Sacramento","quantile","0.2"," 6.80","region_public_health"
"2026-05-22","3 wk ahead inc flu hosp","2026-06-06","Greater Sierra-Sacramento","quantile","0.25"," 7.80","region_public_health"
"2026-05-22","3 wk ahead inc flu hosp","2026-06-06","Greater Sierra-Sacramento","quantile","0.3"," 7.80","region_public_health"
"2026-05-22","3 wk ahead inc flu hosp","2026-06-06","Greater Sierra-Sacramento","quantile","0.35"," 8.80","region_public_health"
"2026-05-22","3 wk ahead inc flu hosp","2026-06-06","Greater Sierra-Sacramento","quantile","0.4"," 8.80","region_public_health"
"2026-05-22","3 wk ahead inc flu hosp","2026-06-06","Greater Sierra-Sacramento","quantile","0.45"," 9.80","region_public_health"
"2026-05-22","3 wk ahead inc flu hosp","2026-06-06","Greater Sierra-Sacramento","quantile","0.5"," 9.80","region_public_health"
"2026-05-22","3 wk ahead inc flu hosp","2026-06-06","Greater Sierra-Sacramento","quantile","0.55","10.80","region_public_health"
"2026-05-22","3 wk ahead inc flu hosp","2026-06-06","Greater Sierra-Sacramento","quantile","0.6","11.80","region_public_health"
"2026-05-22","3 wk ahead inc flu hosp","2026-06-06","Greater Sierra-Sacramento","quantile","0.65","12.80","region_public_health"
"2026-05-22","3 wk ahead inc flu hosp","2026-06-06","Greater Sierra-Sacramento","quantile","0.7","13.80","region_public_health"
"2026-05-22","3 wk ahead inc flu hosp","2026-06-06","Greater Sierra-Sacramento","quantile","0.75","14.80","region_public_health"
"2026-05-22","3 wk ahead inc flu hosp","2026-06-06","Greater Sierra-Sacramento","quantile","0.8","16.80","region_public_health"
"2026-05-22","3 wk ahead inc flu hosp","2026-06-06","Greater Sierra-Sacramento","quantile","0.85","18.80","region_public_health"
"2026-05-22","3 wk ahead inc flu hosp","2026-06-06","Greater Sierra-Sacramento","quantile","0.9","23.80","region_public_health"
"2026-05-22","3 wk ahead inc flu hosp","2026-06-06","Greater Sierra-Sacramento","quantile","0.95","31.80","region_public_health"
"2026-05-22","3 wk ahead inc flu hosp","2026-06-06","Greater Sierra-Sacramento","quantile","0.975","41.82","region_public_health"
"2026-05-22","3 wk ahead inc flu hosp","2026-06-06","Greater Sierra-Sacramento","quantile","0.99","57.81","region_public_health"
"2026-05-22","3 wk ahead inc flu hosp","2026-06-06","Greater Sierra-Sacramento","point",NA,"9.80","region_public_health"
"2026-05-22","4 wk ahead inc flu hosp","2026-06-13","Greater Sierra-Sacramento","quantile","0.01"," 4.00","region_public_health"
"2026-05-22","4 wk ahead inc flu hosp","2026-06-13","Greater Sierra-Sacramento","quantile","0.025"," 4.00","region_public_health"
"2026-05-22","4 wk ahead inc flu hosp","2026-06-13","Greater Sierra-Sacramento","quantile","0.05"," 5.00","region_public_health"
"2026-05-22","4 wk ahead inc flu hosp","2026-06-13","Greater Sierra-Sacramento","quantile","0.1"," 5.00","region_public_health"
"2026-05-22","4 wk ahead inc flu hosp","2026-06-13","Greater Sierra-Sacramento","quantile","0.15"," 6.00","region_public_health"
"2026-05-22","4 wk ahead inc flu hosp","2026-06-13","Greater Sierra-Sacramento","quantile","0.2"," 6.00","region_public_health"
"2026-05-22","4 wk ahead inc flu hosp","2026-06-13","Greater Sierra-Sacramento","quantile","0.25"," 7.00","region_public_health"
"2026-05-22","4 wk ahead inc flu hosp","2026-06-13","Greater Sierra-Sacramento","quantile","0.3"," 7.00","region_public_health"
"2026-05-22","4 wk ahead inc flu hosp","2026-06-13","Greater Sierra-Sacramento","quantile","0.35"," 7.00","region_public_health"
"2026-05-22","4 wk ahead inc flu hosp","2026-06-13","Greater Sierra-Sacramento","quantile","0.4"," 8.00","region_public_health"
"2026-05-22","4 wk ahead inc flu hosp","2026-06-13","Greater Sierra-Sacramento","quantile","0.45"," 8.00","region_public_health"
"2026-05-22","4 wk ahead inc flu hosp","2026-06-13","Greater Sierra-Sacramento","quantile","0.5"," 9.00","region_public_health"
"2026-05-22","4 wk ahead inc flu hosp","2026-06-13","Greater Sierra-Sacramento","quantile","0.55","10.00","region_public_health"
"2026-05-22","4 wk ahead inc flu hosp","2026-06-13","Greater Sierra-Sacramento","quantile","0.6","10.00","region_public_health"
"2026-05-22","4 wk ahead inc flu hosp","2026-06-13","Greater Sierra-Sacramento","quantile","0.65","11.00","region_public_health"
"2026-05-22","4 wk ahead inc flu hosp","2026-06-13","Greater Sierra-Sacramento","quantile","0.7","12.00","region_public_health"
"2026-05-22","4 wk ahead inc flu hosp","2026-06-13","Greater Sierra-Sacramento","quantile","0.75","13.00","region_public_health"
"2026-05-22","4 wk ahead inc flu hosp","2026-06-13","Greater Sierra-Sacramento","quantile","0.8","15.00","region_public_health"
"2026-05-22","4 wk ahead inc flu hosp","2026-06-13","Greater Sierra-Sacramento","quantile","0.85","18.00","region_public_health"
"2026-05-22","4 wk ahead inc flu hosp","2026-06-13","Greater Sierra-Sacramento","quantile","0.9","22.00","region_public_health"
"2026-05-22","4 wk ahead inc flu hosp","2026-06-13","Greater Sierra-Sacramento","quantile","0.95","34.00","region_public_health"
"2026-05-22","4 wk ahead inc flu hosp","2026-06-13","Greater Sierra-Sacramento","quantile","0.975","49.00","region_public_health"
"2026-05-22","4 wk ahead inc flu hosp","2026-06-13","Greater Sierra-Sacramento","quantile","0.99","67.00","region_public_health"
"2026-05-22","4 wk ahead inc flu hosp","2026-06-13","Greater Sierra-Sacramento","point",NA,"9.00","region_public_health"
